{
    "Fx0": -0.14572209321795737,
    "Fy0": -0.07317187822751064,
    "Fz0": 0.00035394336543692617,
    "Mx0": -0.0008866168184506351,
    "My0": 0.004724087564151821,
    "Mz0": -0.000901815399021909
}