{
    "Fx0": -0.14222078890928666,
    "Fy0": -0.07138745232744002,
    "Fz0": 0.00042147011821214164,
    "Mx0": -0.00023934970486154535,
    "My0": 0.0056976411632082054,
    "Mz0": -0.0007815917554813705
}