{
    "Fx0": -0.1537111559162657,
    "Fy0": -0.07827495323786358,
    "Fz0": 0.0004958107445203197,
    "Mx0": -0.0002747532587873881,
    "My0": 0.005319662132499029,
    "Mz0": -0.0008412821039060918
}