{
    "Fx0": -0.16370200321531114,
    "Fy0": -0.07894301347729457,
    "Fz0": 0.0004732225841141968,
    "Mx0": -0.0008881789904123551,
    "My0": 0.004661180465850555,
    "Mz0": -0.0006572814973503653
}