{
    "Fx0": -0.1633531022744581,
    "Fy0": -0.06905652510171989,
    "Fz0": -0.00012644286597041088,
    "Mx0": -0.0006553731071744385,
    "My0": 0.003701005893365757,
    "Mz0": -0.0006586192132036756
}