{
    "Fx0": -0.039953243120808335,
    "Fy0": -0.02415614604385686,
    "Fz0": -0.00024157261066841016,
    "Mx0": -2.232003191173218e-05,
    "My0": 0.00013475968129076117,
    "Mz0": -2.2099974213670757e-05
}