{
    "Fx0": -0.13363805142448215,
    "Fy0": -0.09189148831687233,
    "Fz0": 0.0003294315467332609,
    "Mx0": -0.000803553029179959,
    "My0": 0.005442043962241149,
    "Mz0": -0.000689009183424907
}