{
    "Fx0": -0.23639480275691138,
    "Fy0": -0.01507640824037304,
    "Fz0": -0.0004012419005556822,
    "Mx0": 0.0005321989949715585,
    "My0": 0.003903139781945906,
    "Mz0": -0.00034315201855575486
}